Workload	Configuration	Walk Cycles	Non-Walk Cycles	 Norm. Perf.
HashJoin	LP-LD	0.000000	1.000000	1.000000
HashJoin	RPI-LD	0.000000	3.217834	3.217834
HashJoin	RPI-LD+M	0.000000	1.102248	1.102248
Redis	LP-LD	0.000000	1.000000	1.000000
Redis	RPI-LD	0.000000	2.017963	2.017963
Redis	RPI-LD+M	0.000000	1.046568	1.046568
XSBench	LP-LD	0.000000	1.000000	1.000000
XSBench	RPI-LD	0.000000	0.363004	0.363004
XSBench	RPI-LD+M	0.000000	0.522071	0.522071
