Workload	Configuration	Walk Cycles	Non-Walk Cycles	 Norm. Perf.
HashJoin	F	0.000000	1.000000	1.000000
HashJoin	F+M	0.000000	1.036276	1.036276
HashJoin	I	0.000000	0.352092	0.352092
HashJoin	I+M	0.000000	0.325012	0.325012
