Workload	Configuration	Walk Cycles	Non-Walk Cycles	 Norm. Perf.
Canneal	F	0.000000	1.000000	1.000000
Canneal	F+M	0.000000	0.625357	0.625357
Canneal	I	0.000000	0.003870	0.003870
Canneal	I+M	0.000000	0.006852	0.006852
