Workload	Configuration	Walk Cycles	Non-Walk Cycles	 Norm. Perf.
HashJoin	F	0.000000	1.000000	1.000000
HashJoin	F+M	0.000000	0.785252	0.785252
HashJoin	I	0.000000	0.305195	0.305195
HashJoin	I+M	0.000000	0.308169	0.308169
