Workload	Configuration	Walk Cycles	Non-Walk Cycles	 Norm. Perf.
HashJoin	F	0.000000	1.000000	1.000000
HashJoin	F+M	0.000000	0.777483	0.777483
HashJoin	I	0.000000	0.306414	0.306414
HashJoin	I+M	0.000000	0.306478	0.306478
Memcached	F	0.000000	1.000000	1.000000
Memcached	F+M	0.000000	1.188912	1.188912
