Workload	Configuration	Walk Cycles	Non-Walk Cycles	 Norm. Perf.
XSBench	F	0.000000	1.000000	1.000000
XSBench	F+M	0.000000	0.883002	0.883002
XSBench	I	0.000000	0.291000	0.291000
XSBench	I+M	0.000000	0.284327	0.284327
Graph500	F	0.000000	1.000000	1.000000
Graph500	F+M	0.000000	0.536481	0.536481
Graph500	I	0.000000	1.146284	1.146284
Graph500	I+M	0.000000	0.831274	0.831274
