Workload	Configuration	Walk Cycles	Non-Walk Cycles	 Norm. Perf.
BTree	F	0.000000	1.000000	1.000000
BTree	F+M	0.000000	1.015350	1.015350
BTree	I	0.000000	1.030721	1.030721
BTree	I+M	0.000000	1.026666	1.026666
