Workload	Configuration	Walk Cycles	Non-Walk Cycles	 Norm. Perf.
BTree	LP-LD	0.000000	1.000000	1.000000
BTree	RPI-LD	0.000000	1.008092	1.008092
BTree	RPI-LD+M	0.000000	1.008635	1.008635
HashJoin	LP-LD	0.000000	1.000000	1.000000
HashJoin	RPI-LD	0.000000	2.020781	2.020781
