Workload	Configuration	Walk Cycles	Non-Walk Cycles	 Norm. Perf.
XSBench	F	0.000000	1.000000	1.000000
XSBench	F+M	0.000000	0.883682	0.883682
XSBench	I	0.000000	1.022144	1.022144
XSBench	I+M	0.000000	0.890098	0.890098
Graph500	F	0.000000	1.000000	1.000000
Graph500	F+M	0.000000	0.940940	0.940940
Graph500	I	0.000000	1.643899	1.643899
Graph500	I+M	0.000000	1.375759	1.375759
