Workload	Configuration	Walk Cycles	Non-Walk Cycles	 Norm. Perf.
BTree	F	0.000000	1.000000	1.000000
BTree	F+M	0.000000	1.200355	1.200355
HashJoin	F	0.000000	1.000000	1.000000
HashJoin	F+M	0.000000	0.905994	0.905994
HashJoin	I	0.000000	0.929273	0.929273
HashJoin	I+M	0.000000	0.836799	0.836799
