Workload	Configuration	Walk Cycles	Non-Walk Cycles	 Norm. Perf.
XSBench	F	0.000000	1.000000	1.000000
Memcached	F	0.000000	1.000000	1.000000
Memcached	F+M	0.000000	0.218672	0.218672
Memcached	I	0.000000	0.528150	0.528150
Memcached	I+M	0.000000	0.242675	0.242675
