Workload	Configuration	Walk Cycles	Non-Walk Cycles	 Norm. Perf.
XSBench	F	0.000000	1.000000	1.000000
XSBench	F+M	0.000000	1.424536	1.424536
XSBench	I	0.000000	1.689836	1.689836
XSBench	I+M	0.000000	1.449095	1.449095
Memcached	F	0.000000	1.000000	1.000000
Memcached	F+M	0.000000	0.218672	0.218672
Memcached	I	0.000000	0.528150	0.528150
Memcached	I+M	0.000000	0.242675	0.242675
