Workload	Configuration	Walk Cycles	Non-Walk Cycles	 Norm. Perf.
XSBench	LP-LD	0.000000	1.000000	1.000000
XSBench	RPI-LD	0.000000	3.309543	3.309543
XSBench	RPI-LD+M	0.000000	1.006023	1.006023
Canneal	LP-LD	0.000000	1.000000	1.000000
Canneal	RPI-LD	0.000000	6.987071	6.987071
Canneal	RPI-LD+M	0.000000	1.241296	1.241296
