Workload	Configuration	Walk Cycles	Non-Walk Cycles	 Norm. Perf.
BTree	F	0.000000	1.000000	1.000000
BTree	F+M	0.000000	1.020321	1.020321
BTree	I	0.000000	1.017020	1.017020
BTree	I+M	0.000000	1.005150	1.005150
