Workload	Configuration	Walk Cycles	Non-Walk Cycles	 Norm. Perf.
BTree	F	0.000000	1.000000	1.000000
BTree	F+M	0.000000	0.988869	0.988869
HashJoin	F	0.000000	1.000000	1.000000
HashJoin	F+M	0.000000	0.720036	0.720036
