Workload	Configuration	Walk Cycles	Non-Walk Cycles	 Norm. Perf.
HashJoin	LP-LD	0.000000	1.000000	1.000000
HashJoin	RPI-LD	0.000000	3.217834	3.217834
HashJoin	RPI-LD+M	0.000000	1.102248	1.102248
Redis	LP-LD	0.000000	1.000000	1.000000
Redis	RPI-LD	0.000000	1.999692	1.999692
Redis	RPI-LD+M	0.000000	1.038014	1.038014
