Workload	Configuration	Walk Cycles	Non-Walk Cycles	 Norm. Perf.
BTree	F	0.000000	1.000000	1.000000
BTree	F+M	0.000000	0.868554	0.868554
HashJoin	F	0.000000	1.000000	1.000000
HashJoin	F+M	0.000000	0.608563	0.608563
