Workload	Configuration	Walk Cycles	Non-Walk Cycles	 Norm. Perf.
HashJoin	LP-LD	0.000000	1.000000	1.000000
HashJoin	RPI-LD	0.000000	3.217834	3.217834
Redis	LP-LD	0.000000	1.000000	1.000000
Redis	RPI-LD	0.000000	2.017963	2.017963
XSBench	LP-LD	0.000000	1.000000	1.000000
XSBench	RPI-LD	0.000000	1.525341	1.525341
