Workload	Configuration	Walk Cycles	Non-Walk Cycles	 Norm. Perf.
BTree	LP-LD	0.000000	1.000000	1.000000
BTree	RPI-LD	0.000000	1.008186	1.008186
XSBench	LP-LD	0.000000	1.000000	1.000000
XSBench	RPI-LD	0.000000	3.309543	3.309543
Canneal	LP-LD	0.000000	1.000000	1.000000
Canneal	RPI-LD	0.000000	6.987071	6.987071
