Workload	Configuration	Walk Cycles	Non-Walk Cycles	 Norm. Perf.
GUPS	LP-LD	0.000000	1.000000	1.000000
GUPS	RPI-LD	0.000000	7.186380	7.186380
BTree	LP-LD	0.000000	1.000000	1.000000
