Workload	Configuration	Walk Cycles	Non-Walk Cycles	 Norm. Perf.
XSBench	LP-LD	0.000000	1.000000	1.000000
XSBench	RPI-LD	0.000000	3.309543	3.309543
Canneal	LP-LD	0.000000	1.000000	1.000000
Canneal	RPI-LD	0.000000	9.000695	9.000695
