Workload	Configuration	Walk Cycles	Non-Walk Cycles	 Norm. Perf.
Memcached	F	0.000000	1.000000	1.000000
Memcached	F+M	0.000000	0.011430	0.011430
Memcached	I	0.000000	0.007291	0.007291
Memcached	I+M	0.000000	0.011357	0.011357
