Workload	Configuration	Walk Cycles	Non-Walk Cycles	 Norm. Perf.
BTree	F	0.000000	1.000000	1.000000
BTree	F+M	0.000000	0.833505	0.833505
BTree	I	0.000000	0.778299	0.778299
BTree	I+M	0.000000	0.827674	0.827674
