Workload	Configuration	Walk Cycles	Non-Walk Cycles	 Norm. Perf.
Graph500	F	0.000000	1.000000	1.000000
Graph500	F+M	0.000000	0.536481	0.536481
Graph500	I	0.000000	1.146284	1.146284
Graph500	I+M	0.000000	0.831274	0.831274
