Workload	Configuration	Walk Cycles	Non-Walk Cycles	 Norm. Perf.
BTree	F	0.000000	1.000000	1.000000
BTree	F+M	0.000000	1.178048	1.178048
HashJoin	F	0.000000	1.000000	1.000000
HashJoin	F+M	0.000000	0.929083	0.929083
