Workload	Configuration	Walk Cycles	Non-Walk Cycles	 Norm. Perf.
BTree	F	0.000000	1.000000	1.000000
BTree	F+M	0.000000	0.969088	0.969088
BTree	I	0.000000	1.016441	1.016441
BTree	I+M	0.000000	0.986025	0.986025
HashJoin	F	0.000000	1.000000	1.000000
HashJoin	F+M	0.000000	0.876571	0.876571
HashJoin	I	0.000000	0.313833	0.313833
HashJoin	I+M	0.000000	0.309987	0.309987
